{
    "faces":[33,0,3,2,1,0,0,0,0,33,4,5,6,7,1,1,1,1,33,0,1,5,4,2,2,2,2,33,1,2,6,5,3,3,3,3,33,2,3,7,6,4,4,4,4,33,3,0,4,7,5,5,5,5,33,8,9,12,10,1,1,1,1,33,13,11,20,21,6,6,6,6,33,8,11,13,9,7,7,7,7,33,9,13,14,12,8,8,8,8,33,12,14,15,10,9,9,9,9,33,11,8,10,15,10,10,10,10,33,16,18,19,17,0,0,0,0,33,14,13,21,23,6,6,6,6,33,16,17,25,24,6,6,6,6,33,17,19,27,25,6,6,6,6,33,25,27,35,33,6,6,6,6,33,20,22,30,28,6,6,6,6,33,22,23,31,30,6,6,6,6,33,26,24,32,34,6,6,6,6,33,19,18,26,27,6,6,6,6,33,18,16,24,26,6,6,6,6,33,15,14,23,22,6,6,6,6,33,11,15,22,20,6,6,6,6,33,35,31,39,43,6,6,6,6,33,29,28,36,37,6,6,6,6,33,34,30,53,55,6,6,6,6,33,30,34,42,38,6,6,6,6,33,24,25,33,32,6,6,6,6,33,23,21,29,31,6,6,6,6,33,21,20,28,29,6,6,6,6,33,27,26,34,35,6,6,6,6,33,37,36,44,45,6,6,6,6,33,39,37,45,47,6,6,6,6,33,42,40,48,50,6,6,6,6,33,34,32,40,42,6,6,6,6,33,28,30,38,36,6,6,6,6,33,33,35,43,41,6,6,6,6,33,32,33,41,40,6,6,6,6,33,31,29,37,39,6,6,6,6,33,45,49,74,72,11,11,11,11,33,44,48,70,68,12,12,12,12,33,44,46,61,60,6,6,6,6,33,38,42,50,46,6,6,6,6,33,43,39,47,51,6,6,6,6,33,41,43,51,49,6,6,6,6,33,40,41,49,48,6,6,6,6,33,36,38,46,44,6,6,6,6,33,55,53,57,59,13,13,13,13,33,31,35,54,52,6,6,6,6,33,35,34,55,54,6,6,6,6,33,30,31,52,53,6,6,6,6,33,57,56,58,59,14,14,14,14,33,54,55,59,58,15,15,15,15,33,52,54,58,56,16,16,16,16,33,53,52,56,57,1,1,1,1,33,62,60,64,66,17,17,17,17,33,48,44,60,62,6,6,6,6,33,50,48,62,63,6,6,6,6,33,46,50,63,61,6,6,6,6,33,64,65,67,66,18,18,18,18,33,60,61,65,64,19,19,19,19,33,61,63,67,65,20,20,20,20,33,63,62,66,67,21,21,21,21,33,69,68,70,71,22,22,22,22,33,49,45,69,71,23,23,23,23,33,45,44,68,69,24,24,24,24,33,48,49,71,70,0,0,0,0,33,73,72,74,75,25,25,25,25,33,47,45,72,73,26,26,26,26,33,51,47,73,75,27,27,27,27,33,49,51,75,74,28,28,28,28],
    "uvs":[],
    "vertices":[2.26839,-1.20417,-1,2.26839,-1.20417,1,-2.26839,-1.20417,1,-2.26839,-1.20417,-1,2.2684,1.20417,-1,2.26839,1.20417,1,-2.2684,1.20417,1,-2.26839,1.20417,-1,2.26839,-1.20417,-1,2.26839,-1.20417,1,-2.26839,-1.20417,-1,2.2684,1.20417,-1,-2.26839,-1.20417,1,2.26839,1.20417,1,-2.2684,1.20417,1,-2.26839,1.20417,-1,2.2684,1.42864,-1,2.26839,1.42864,1,-2.26839,1.42864,-1,-2.2684,1.42864,1,2.2684,1.20417,-1,2.26839,1.20417,1,-2.26839,1.20417,-1,-2.2684,1.20417,1,2.2684,1.42864,-1,2.26839,1.42864,1,-2.26839,1.42864,-1,-2.2684,1.42864,1,2.2684,1.20417,-1,2.26839,1.20417,1,-2.26839,1.20417,-1,-2.2684,1.20417,1,2.2684,1.42864,-1,2.26839,1.42864,1,-2.26839,1.42864,-1,-2.2684,1.42864,1,2.2684,1.20417,-1,2.26839,1.20417,1,-2.26839,1.20417,-1,-2.2684,1.20417,1,2.2684,1.42864,-1,2.26839,1.42864,1,-2.26839,1.42864,-1,-2.2684,1.42864,1,2.2684,1.20417,-1,2.26839,1.20417,1,-2.26839,1.20417,-1,-2.2684,1.20417,1,2.2684,1.42864,-1,2.26839,1.42864,1,-2.26839,1.42864,-1,-2.2684,1.42864,1,-2.2684,1.20417,1,-2.26839,1.20417,-1,-2.2684,1.42864,1,-2.26839,1.42864,-1,-2.59097,1.20417,0.999999,-2.59097,1.20417,-1,-2.59097,1.42864,0.999999,-2.59097,1.42864,-1,2.2684,1.20417,-1,-2.26839,1.20417,-1,2.2684,1.42864,-1,-2.26839,1.42864,-1,2.2684,1.20417,-1.3847,-2.26839,1.20417,-1.3847,2.2684,1.42864,-1.3847,-2.26839,1.42864,-1.3847,2.55785,1.20417,-0.999999,2.55785,1.20417,1,2.55785,1.42864,-0.999999,2.55785,1.42864,1,2.26839,1.20417,1.3552,-2.2684,1.20417,1.3552,2.26839,1.42864,1.3552,-2.2684,1.42864,1.3552],
    "normals":[0,1,0,0,-1,0,-1,-4.94982e-08,-6.55651e-07,1.24812e-07,6.1873e-08,-1,1,1.97993e-07,4.76837e-07,-1.05105e-07,-1.48495e-07,1,0,0,0,1,4.94982e-08,6.55651e-07,-1.24812e-07,-6.1873e-08,1,-1,-1.97993e-07,-4.76837e-07,1.05105e-07,1.48495e-07,-1,1,3.5647e-13,6.71221e-07,1.23551e-06,0,-1,3.69551e-07,-5.31076e-07,-1,-1,-1.26618e-13,-3.57628e-07,-0,1,0,-5.54327e-07,0,1,1,0,-0,1.05105e-07,-5.31076e-07,-1,-3.25695e-14,-1,3.09877e-07,-1,0,0,3.66407e-14,1,-3.09877e-07,1,0,1.19209e-06,-1.2355e-06,5.31076e-07,1,-0,-1,0,-2.10209e-07,5.31076e-07,1,0,-1,-0,-1,0,-0,0,1,0],
    "metadata":{
        "faces":72,
        "version":3,
        "normals":29,
        "type":"Geometry",
        "vertices":76,
        "uvs":0,
        "generator":"io_three"
    }
}